idea-00aa0572-genre-aware-genome-template-ga.md|functionality|feature_scout|E5|I6|Genre-aware genome template gallery
idea-01131c98-dramatic-tension-curve-model-f.md|ui|moonshot_architect|E5|I7|Dramatic tension curve: model fight feel, not just balance
idea-02b5d775-automated-translation-qa-valid.md|functionality|feature_scout|E5|I7|Automated translation QA validator
idea-03d86fb4-visual-asset-browser-for-polyh.md|functionality|feature_scout|E5|I8|Visual asset browser for PolyHaven + Sketchfab
idea-040bfd8b-local-asset-library-with-colle.md|functionality|feature_scout|E6|I7|Local Asset Library with collections & favorites
idea-043728da-structured-cook-log-viewer-wit.md|ui|ui_perfectionist|E5|I8|Structured cook-log viewer with severity + jump-to-error
idea-0451aa51-ai-that-actually-plays-your-ga.md|functionality|moonshot_architect|E9|I10|AI that actually plays your game (Gauntlet+Vision)
idea-04a08364-visual-prompt-builder-with-sty.md|user_benefit|feature_scout|E5|I8|Visual prompt builder with style chips & no-jargon presets
idea-0545ec6c-ai-auto-tuner-solve-combat-bal.md|functionality|moonshot_architect|E7|I9|AI Auto-Tuner: solve combat balance from intent
idea-058687cb-round-trip-c-import-into-gas-b.md|functionality|feature_scout|E7|I6|Round-trip C++ import into GAS Blueprint Editor
idea-05f25f33-smoothly-morph-the-xp-curve-wh.md|ui|ui_perfectionist|E4|I6|Smoothly morph the XP curve when params change
idea-05fa6cdb-adjustment-layer-stack-for-non.md|functionality|feature_scout|E6|I7|Adjustment-layer stack for non-destructive feel modifiers
idea-07114e20-extract-shared-blender-pipelin.md|ui|ui_perfectionist|E5|I6|Extract shared Blender pipeline form primitives
idea-08d07649-new-since-last-scan-regression.md|functionality|feature_scout|E6|I8|New-since-last-scan regression diff with git blame
idea-0a08d250-orchestrated-gated-pipeline-ru.md|functionality|feature_scout|E7|I8|Orchestrated gated pipeline runs (preflight to ship)
idea-0a992668-painter-zoom-controls-fit-to-c.md|ui|ui_perfectionist|E6|I8|Painter zoom controls + fit-to-content + minimap
idea-0a9fe477-cost-token-spend-dashboard-wit.md|user_benefit|feature_scout|E5|I7|Cost & token spend dashboard with budget guards
idea-0b7d17a0-self-driving-economy-auto-bala.md|functionality|moonshot_architect|E8|I9|Self-driving economy auto-balancer (target-seeking)
idea-0b977d4d-live-in-browser-procgen-previe.md|functionality|feature_scout|E6|I8|Live in-browser procgen preview canvas
idea-0d6e0e8b-one-click-round-trip-localize.md|functionality|moonshot_architect|E8|I8|One-Click Round-Trip Localize to UE5 Project
idea-0da1c0b0-pipeline-recipe-marketplace-wi.md|user_benefit|moonshot_architect|E7|I8|Pipeline Recipe marketplace with network effects
idea-0e92c0c3-inclusive-design-pass-for-the.md|ui|ui_perfectionist|E6|I7|Inclusive-design pass for the SVG maps and status chips
idea-0ee551b8-prompt-version-history-with-vi.md|functionality|feature_scout|E6|I7|Prompt version history with visual diff and rollback
idea-0ef2a814-closed-loop-telemetry-replay-r.md|functionality|moonshot_architect|E8|I9|Closed-loop telemetry: replay real fights vs the sim
idea-127c438c-cinematic-crash-time-machine-r.md|ui|moonshot_architect|E6|I7|Cinematic Crash Time Machine Replay
idea-13107c70-fuse-perf-and-crashes-into-hol.md|functionality|feature_scout|E5|I7|Fuse perf and crashes into holistic health score
idea-135ee09d-one-click-fix-from-any-playtes.md|functionality|feature_scout|E5|I8|One-click Fix from any playtest finding
idea-13b5f15d-plain-language-pilot-anyone-ca.md|user_benefit|moonshot_architect|E6|I8|Plain-language pilot: anyone can drive the engine
idea-141c2420-ai-node-logic-completion-with.md|functionality|moonshot_architect|E8|I9|AI Node-Logic Completion with Self-Verifying Compile
idea-143ff660-add-plain-language-glossary-la.md|ui|ui_perfectionist|E5|I7|Add plain-language glossary layer over UE5 jargon
idea-1453c59f-plain-language-narrator-for-ga.md|user_benefit|moonshot_architect|E5|I7|Plain-Language Narrator for Gameplay Systems
idea-15133ebe-make-graph-nodes-keyboard-scre.md|ui|ui_perfectionist|E5|I6|Make graph nodes keyboard & screen-reader accessible
idea-158f9e5e-auto-balance-check-pipe-forged.md|functionality|feature_scout|E5|I8|Auto-balance check: pipe forged abilities into the simulator
idea-15c6b41d-unify-planning-views-with-view.md|ui|ui_perfectionist|E5|I5|Unify planning views with ViewHeader and ProgressBar
idea-15defbed-match-imported-crashes-against.md|functionality|feature_scout|E5|I8|Match imported crashes against known fixes
idea-1611640d-build-mesh-generation-panel-wi.md|ui|ui_perfectionist|E6|I7|Build mesh generation panel with live progress ring
idea-16cbc990-player-persona-marketplace-eme.md|functionality|moonshot_architect|E7|I7|Player-persona marketplace & emergent trading sim
idea-17289c6a-agent-based-player-journey-chu.md|functionality|moonshot_architect|E7|I8|Agent-Based Player Journey & Churn Simulator
idea-18ad7099-turn-ctrl-k-search-into-an-act.md|functionality|feature_scout|E5|I7|Turn Ctrl+K search into an action command palette
idea-194f4c43-usavegame-schema-designer-with.md|functionality|feature_scout|E7|I8|USaveGame schema designer with version migration
idea-19e9e14d-unify-divergent-stat-cards-int.md|ui|ui_perfectionist|E4|I5|Unify divergent stat cards into one MetricCard
idea-1a0c060d-unify-type-scale-semantic-stat.md|ui|ui_perfectionist|E4|I6|Unify type scale & semantic status color tokens
idea-1aa2d0a2-self-balancing-loot-economy-fr.md|functionality|moonshot_architect|E9|I9|Self-balancing loot economy from live playtest telemetry
idea-1ae5a8f8-economy-design-multiverse-bran.md|ui|moonshot_architect|E6|I7|Economy design multiverse: branch, diff & compare
idea-1b469379-orm-channel-packing-ue5-textur.md|functionality|feature_scout|E5|I7|ORM channel-packing & UE5 texture export
idea-1c7f071f-unify-the-four-genome-progress.md|ui|ui_perfectionist|E4|I6|Unify the four genome/progression tab headers
idea-1d0dd943-premium-error-proof-simulation.md|ui|ui_perfectionist|E5|I6|Premium, error-proof simulation config controls
idea-1d108361-a-b-scenario-comparison-with-d.md|functionality|feature_scout|E5|I7|A/B Scenario Comparison with Delta Diff
idea-1d4e1422-self-calibrating-effort-engine.md|functionality|moonshot_architect|E# Self-Calibrating Effort Engine that learns your velocity|I7|Self-Calibrating Effort Engine that learns your velocity
idea-1d6c71ad-live-encounter-simulator-a-pla.md|functionality|moonshot_architect|E8|I9|Live Encounter Simulator: a playable AI sandbox
idea-1d82300f-goal-seek-auto-balancer-for-ec.md|functionality|feature_scout|E7|I7|Goal-seek auto-balancer for economy targets
idea-1e301d12-self-healing-ue-readiness-gate.md|functionality|moonshot_architect|E7|I8|Self-healing UE-readiness gate for every asset
idea-1e6353c7-interactive-perception-tuner-w.md|functionality|feature_scout|E4|I6|Interactive perception tuner with live coverage
idea-205e2bed-calibrate-effort-estimates-fro.md|functionality|feature_scout|E# Calibrate Effort Estimates from Actual Run Durations|I6|Calibrate Effort Estimates from Actual Run Durations
idea-20ae3e34-capacity-aware-sprint-auto-pla.md|functionality|feature_scout|E6|I8|Capacity-Aware Sprint Auto-Planner (Plan My Week)
idea-21cea6d3-predictive-cook-forecaster-eta.md|functionality|moonshot_architect|E5|I7|Predictive Cook Forecaster: ETA, size & risk pre-launch
idea-21f15b68-forge-to-game-sentence-to-comp.md|functionality|moonshot_architect|E8|I8|Forge-to-game: sentence to compiled, balanced ability
idea-22128354-unify-range-sliders-into-one-a.md|ui|ui_perfectionist|E5|I6|Unify range sliders into one a11y RangeSlider primitive
idea-222dc99a-community-genome-marketplace-w.md|functionality|moonshot_architect|E8|I8|Community Genome Marketplace with Fork & Remix
idea-23d79c4d-living-graph-auto-derive-depen.md|functionality|moonshot_architect|E8|I8|Living graph: auto-derive dependencies from real source
idea-243abbe9-save-and-recall-named-workspac.md|functionality|feature_scout|E5|I8|Save and recall named workspace presets (Spaces)
idea-24b9a2aa-export-ue5-ready-localization.md|functionality|feature_scout|E6|I8|Export UE5-ready localization artifacts
idea-2508f144-plain-language-labels-and-lege.md|ui|ui_perfectionist|E5|I6|Plain-language labels and legend for telemetry
idea-25222d7d-interactive-adaptive-music-sta.md|functionality|feature_scout|E7|I7|Interactive adaptive music state editor
idea-26a2c5f7-unified-project-health-timelin.md|functionality|feature_scout|E7|I7|Unified project health timeline with trends
idea-26db6ca0-auto-tune-post-process-stack-t.md|functionality|moonshot_architect|E7|I8|Auto-tune post-process stack to frame budget
idea-288adf45-provider-mesh-race-providers-a.md|functionality|moonshot_architect|E7|I7|Provider Mesh: race providers, auto-pick the best
idea-2a2e30d7-radiant-quest-variation-engine.md|functionality|feature_scout|E6|I8|Radiant quest variation engine with seeded templates
idea-2a5aaf2f-test-run-history-flaky-scenari.md|functionality|feature_scout|E5|I7|Test run history & flaky-scenario detection
idea-2b8ece97-single-source-balance-spec-sim.md|functionality|moonshot_architect|E8|I9|Single-source balance spec: sim mirrors shipped C++
idea-2c4da945-critical-path-dependency-graph.md|functionality|feature_scout|E6|I7|Critical-path dependency graph visualization
idea-2c5de488-mission-control-predictive-pro.md|user_benefit|moonshot_architect|E6|I8|Mission Control: predictive project launch dashboard
idea-2cba6df6-bulk-implement-plan-items-as-a.md|functionality|feature_scout|E5|I9|Bulk-implement plan items as auto-generated DAG
idea-2cbadfe1-knowledge-inbox-promote-mined.md|functionality|feature_scout|E6|I8|Knowledge Inbox: promote mined anti-patterns into gotchas
idea-2cca4005-overlay-generated-quests-onto.md|ui|ui_perfectionist|E6|I7|Overlay generated quests onto the Zone Topology map
idea-2d4fe8fa-one-click-auto-rig-that-replac.md|functionality|moonshot_architect|E8|I8|One-click auto-rig that replaces the Mixamo trip
idea-2d57d2a9-hdri-lighting-environments-in.md|functionality|feature_scout|E5|I6|HDRI lighting environments in material preview
idea-2f259014-self-healing-build-doctor-auto.md|functionality|moonshot_architect|E8|I8|Self-Healing Build Doctor: autonomous cook fix loop
idea-307fb2e8-license-tracker-auto-generated.md|user_benefit|feature_scout|E4|I6|License tracker & auto-generated CREDITS file
idea-3083dc0e-describe-your-game-onboarding.md|functionality|moonshot_architect|E7|I9|Describe-your-game onboarding auto-builds roadmap
idea-3271c34c-one-click-send-to-unreal-asset.md|user_benefit|feature_scout|E6|I8|One-click Send to Unreal asset export
idea-327e3733-closed-loop-balance-autopilot.md|functionality|moonshot_architect|E9|I9|Closed-Loop Balance Autopilot for Genomes
idea-32b10133-self-healing-texture-engine-ge.md|functionality|moonshot_architect|E6|I8|Self-Healing Texture Engine: generate-verify-fix loop
idea-33edf5e4-open-adaptive-audio-middleware.md|functionality|moonshot_architect|E8|I8|Open Adaptive Audio Middleware (Wwise/FMOD-killer)
idea-34b53407-time-travel-replay-of-live-ue5.md|functionality|moonshot_architect|E7|I8|Time-Travel Replay of Live UE5 Editor State
idea-36bba5e2-interactive-pbr-preview-sphere.md|functionality|feature_scout|E5|I9|Interactive PBR preview sphere for generated textures
idea-3700d83b-community-exchange-for-verifie.md|functionality|moonshot_architect|E9|I9|Community exchange for verified integration recipes
idea-372fc223-searchable-material-library-wi.md|functionality|feature_scout|E5|I8|Searchable material library with thumbnails & tags
idea-375a9f88-balance-regression-baselines-w.md|functionality|feature_scout|E5|I7|Balance regression baselines with drift alerts
idea-381106a5-persistent-combo-state-machine.md|user_benefit|feature_scout|E6|I7|Persistent combo & state machine library
idea-39c11f4a-unified-send-to-pipeline-brows.md|functionality|feature_scout|E6|I8|Unified Send-to pipeline: browse to preview to import
idea-39d822ae-live-pseudo-localization-ui-ov.md|ui|moonshot_architect|E6|I8|Live Pseudo-Localization & UI Overflow Preview
idea-3aa75aff-live-self-updating-marketplace.md|functionality|moonshot_architect|E8|I8|Live self-updating marketplace intelligence index
idea-3b24d6ed-submix-bus-mixer-with-ducking.md|functionality|feature_scout|E6|I6|Submix bus mixer with ducking rules
idea-3b8efd65-auto-retry-dead-letter-queue-f.md|functionality|feature_scout|E5|I7|Auto-retry & dead-letter queue for stuck runs
idea-3bf34f3d-stat-weight-tuning-sensitivity.md|functionality|feature_scout|E6|I7|Stat-Weight & Tuning Sensitivity Sweep
idea-3cc2c9d1-interactive-turntable-3d-previ.md|functionality|feature_scout|E4|I6|Interactive turntable 3D preview
idea-3d267f25-difficulty-topology-map-a-god.md|ui|moonshot_architect|E6|I7|Difficulty topology map: a god-view of game balance
idea-3de0c1c9-group-10-audio-tabs-into-desig.md|ui|ui_perfectionist|E4|I7|Group 10 audio tabs into Design / Generate / Status clusters
idea-3e342e59-autonomous-gdd-to-green-self-h.md|functionality|moonshot_architect|E9|I10|Autonomous GDD-to-Green Self-Healing Build Loop
idea-3e4198df-extract-a-shared-notifytrack-t.md|ui|ui_perfectionist|E6|I6|Extract a shared NotifyTrack timeline primitive
idea-3e817d61-real-llm-combat-director-not-k.md|functionality|moonshot_architect|E7|I9|Real LLM combat director, not keyword matching
idea-3f4977fb-mission-control-a-live-shareab.md|ui|moonshot_architect|E7|I7|Mission Control: a live, shareable build command center
idea-3f7e7c81-curve-formula-library-inverse.md|functionality|feature_scout|E6|I7|Curve formula library + inverse time-to-target solver
idea-3f8e6288-label-pbr-maps-with-seamless-t.md|ui|ui_perfectionist|E5|I7|Label PBR maps with seamless-tiling preview and zoom
idea-40a97970-cross-archetype-balance-guardr.md|functionality|feature_scout|E6|I7|Cross-archetype balance guardrails / outlier linter
idea-41b1b5c0-group-the-10-tab-strip-into-4.md|ui|ui_perfectionist|E5|I7|Group the 10-tab strip into 4 collapsible task lanes
idea-41c61ebf-ask-pof-natural-language-inten.md|functionality|moonshot_architect|E6|I9|Ask POF: natural-language intent command bar
idea-427c616a-multiplayer-workspaces-figma-f.md|functionality|moonshot_architect|E9|I8|Multiplayer workspaces: Figma for game-dev panels
idea-42f7d140-frame-data-timeline-for-dodge.md|functionality|feature_scout|E5|I8|Frame-data timeline for dodge i-frames & combat windows
idea-4328916d-living-3d-zone-twin-synced-wit.md|ui|moonshot_architect|E9|I8|Living 3D zone twin synced with the UE editor
idea-43c47c8b-self-balancing-encounters-via.md|functionality|moonshot_architect|E9|I8|Self-balancing encounters via mass simulated playtests
idea-44258ac1-keyboard-and-screen-reader-acc.md|ui|ui_perfectionist|E6|I6|Keyboard and screen-reader access for DAG and Gantt
idea-4445d828-player-digital-twin-telemetry.md|functionality|moonshot_architect|E8|I8|Player digital twin: telemetry-driven balancing
idea-448c5209-plain-english-economy-designer.md|user_benefit|moonshot_architect|E6|I8|Plain-English economy designer with AI explainer
idea-468594be-real-llm-translation-self-lear.md|functionality|moonshot_architect|E7|I9|Real LLM Translation + Self-Learning Memory
idea-46d21abf-ai-feel-director-author-game-f.md|user_benefit|moonshot_architect|E7|I8|AI Feel Director: author game feel from any reference
idea-47e2828f-telemetry-driven-self-tuning-f.md|functionality|moonshot_architect|E9|I8|Telemetry-driven self-tuning feel from real players
idea-4939416e-shareable-animation-pattern-ma.md|functionality|moonshot_architect|E6|I7|Shareable animation pattern marketplace
idea-4952bf02-plain-language-and-localized-a.md|user_benefit|feature_scout|E5|I7|Plain-language and localized advisor responses
idea-4974ec2c-persistent-run-history-with-tr.md|functionality|feature_scout|E6|I8|Persistent run history with transcript replay
idea-4a0cf97d-hydrate-state-machine-editor-f.md|functionality|feature_scout|E5|I8|Hydrate State Machine Editor from AnimBP scan
idea-4b57dbe2-federated-ue5-collective-intel.md|functionality|moonshot_architect|E9|I9|Federated UE5 Collective Intelligence Network
idea-4bf63caa-acoustic-digital-twin-physics.md|functionality|moonshot_architect|E9|I7|Acoustic Digital Twin: physics-derived reverb from geometry
idea-4dc9a947-three-way-round-trip-blueprint.md|functionality|moonshot_architect|E9|I8|Three-Way Round-Trip Blueprint and C++ Reconciliation
idea-4e8d7fda-anticipatory-co-pilot-that-dis.md|user_benefit|moonshot_architect|E6|I8|Anticipatory Co-Pilot That Dispatches the Next Task
idea-5144e216-live-progress-feedback-for-lon.md|ui|ui_perfectionist|E5|I7|Live progress feedback for long streaming CLI runs
idea-5258d1c7-syntax-highlight-generated-ue5.md|ui|ui_perfectionist|E5|I7|Syntax-highlight generated UE5 C++ code previews
idea-52ed7b86-poll-and-render-async-leonardo.md|ui|ui_perfectionist|E5|I7|Poll and render async Leonardo job results inline
idea-53162c43-unify-game-systems-views-with.md|ui|ui_perfectionist|E5|I7|Unify game-systems views with shared empty-state layout
idea-53283c35-extract-blueprint-design-syste.md|ui|ui_perfectionist|E5|I6|Extract blueprint design-system primitives
idea-53af0c30-plain-language-glossary-toolti.md|ui|ui_perfectionist|E5|I7|Plain-language glossary tooltips for combat jargon
idea-53d018a8-live-uobject-inspector-for-sel.md|functionality|feature_scout|E6|I8|Live UObject Inspector for selected actors
idea-5425609e-reference-video-side-by-side-w.md|functionality|feature_scout|E6|I7|Reference video side-by-side with synced scrub bar
idea-549bcb65-autonomous-material-foundry-fu.md|functionality|moonshot_architect|E8|I9|Autonomous Material Foundry: full validated PBR sets
idea-55550990-persistent-mesh-generation-his.md|functionality|feature_scout|E5|I7|Persistent mesh generation history gallery
idea-56842063-make-the-3d-material-preview-h.md|ui|ui_perfectionist|E5|I7|Make the 3D material preview honor all PBR maps
idea-56f5c3dc-balance-audit-linter-for-loot.md|functionality|feature_scout|E4|I7|Balance Audit linter for loot & affix designs
idea-57d2e3ce-syntax-highlighted-adapter-cod.md|ui|ui_perfectionist|E4|I7|Syntax-highlighted adapter code with copy/download actions
idea-5802df5a-one-prompt-game-ready-material.md|functionality|moonshot_architect|E8|I9|One-Prompt Game-Ready Material Foundry
idea-592d55ff-premium-frame-accurate-montage.md|ui|ui_perfectionist|E6|I7|Premium frame-accurate montage scrubber
idea-5b1db241-loot-filter-rule-builder-for-a.md|functionality|feature_scout|E6|I8|Loot Filter Rule Builder for ARPG item filtering
idea-5baa11e8-anticipatory-ui-the-next-layou.md|ui|moonshot_architect|E6|I7|Anticipatory UI: the next layout before you ask
idea-5c8b63a5-snapshot-history-a-b-diff-for.md|functionality|feature_scout|E5|I7|Snapshot history & A/B diff for tuning sessions
idea-5dacc4ff-set-a-legibility-floor-plain-l.md|ui|ui_perfectionist|E5|I6|Set a legibility floor + plain-language GAS copy
idea-5e98aa1d-live-ue5-blueprint-bridge-for.md|functionality|moonshot_architect|E8|I9|Live UE5 Blueprint Bridge for Real-Time Transpilation
idea-5ea5d3b5-live-webgl-preview-of-the-post.md|user_benefit|feature_scout|E7|I9|Live WebGL preview of the post-process stack
idea-5eee9409-parameter-sensitivity-sweep-to.md|functionality|feature_scout|E6|I7|Parameter sensitivity sweep (tornado chart)
idea-5f3b55c6-capacity-aware-sprint-builder.md|functionality|feature_scout|E5|I8|Capacity-aware Sprint Builder for the plan
idea-5f579b32-plain-english-encounter-design.md|user_benefit|moonshot_architect|E8|I9|Plain-English encounter designer
idea-61e19e05-encounter-combo-profile-librar.md|functionality|feature_scout|E5|I8|Encounter & Combo Profile Library (save/load)
idea-6237f43c-ask-your-game-plain-language-p.md|user_benefit|moonshot_architect|E6|I9|Ask-your-game: plain-language producer over the matrix
idea-6409dc73-unify-texture-panel-on-design.md|ui|ui_perfectionist|E4|I6|Unify texture panel on design tokens and tile primitives
idea-662f3717-plain-language-tooltips-for-ev.md|ui|ui_perfectionist|E5|I6|Plain-language tooltips for evaluator jargon terms
idea-671327ea-text-to-world-describe-a-level.md|functionality|moonshot_architect|E8|I9|Text-to-World: describe a level, generate it whole
idea-67296407-composition-dna-a-workspace-th.md|user_benefit|moonshot_architect|E7|I8|Composition DNA: a workspace that learns your habits
idea-6742bbd3-unify-audio-module-visual-lang.md|ui|ui_perfectionist|E5|I7|Unify audio module visual language across tabs
idea-675dc44d-universal-intent-shell-every-m.md|functionality|moonshot_architect|E7|I9|Universal Intent Shell: every module driveable by voice
idea-6af9027c-cinematic-ai-replay-theater-fo.md|ui|moonshot_architect|E6|I8|Cinematic AI replay theater for non-tech reviewers
idea-6bf2f7a3-bot-playtested-levels-with-bal.md|functionality|moonshot_architect|E7|I8|Bot-playtested levels with balance heatmaps
idea-6c133627-unify-dashboards-on-one-access.md|ui|ui_perfectionist|E6|I7|Unify dashboards on one accessible chart primitive set
idea-6c17688f-critical-path-overlay-deadline.md|functionality|feature_scout|E5|I7|Critical-path overlay & deadline-risk alerts on Gantt
idea-6c6be1ae-add-precise-numeric-entry-to-f.md|ui|ui_perfectionist|E4|I6|Add precise numeric entry to feel tuning sliders
idea-6ceabe12-quest-dependency-dag-overlaid.md|functionality|feature_scout|E6|I7|Quest dependency DAG overlaid on zone topology
idea-6d9c9b9a-close-the-loop-auto-adopt-winn.md|functionality|feature_scout|E5|I8|Close the loop: auto-adopt winning variant as live prompt
idea-6ef3584f-programmatic-animbp-graph-gene.md|functionality|moonshot_architect|E8|I9|Programmatic AnimBP graph generation engine
idea-7108fc8e-collective-intelligence-benchm.md|user_benefit|moonshot_architect|E8|I8|Collective Intelligence Benchmark Across Projects
idea-71ab28cf-shareable-loot-genome-codes-co.md|user_benefit|moonshot_architect|E6|I7|Shareable loot genome codes + community marketplace
idea-741888e4-closed-loop-procedural-import.md|functionality|moonshot_architect|E7|I8|Closed-loop procedural import straight into UE5
idea-75fe1f1a-alerting-for-critical-findings.md|functionality|feature_scout|E5|I7|Alerting for critical findings and regressions
idea-76af5b7d-self-evolving-design-director.md|functionality|moonshot_architect|E8|I8|Self-evolving design director from play evidence
idea-76ee4d05-real-time-co-dev-presence-acro.md|functionality|moonshot_architect|E8|I7|Real-time co-dev presence across the app shell
idea-77207102-remote-control-macro-library-s.md|functionality|feature_scout|E6|I7|Remote Control macro library & sequence runner
idea-79afa857-ai-game-master-living-quest-an.md|functionality|moonshot_architect|E8|I9|AI Game Master: living quest and dialogue engine
idea-7b5e0a4a-pacing-curve-with-auto-balance.md|functionality|feature_scout|E5|I7|Pacing curve with auto-balance suggestions
idea-7b6ccedf-build-mission-control-live-cin.md|ui|moonshot_architect|E6|I7|Build Mission Control: live cinematic cook cockpit
idea-7bc512b9-one-click-fixes-for-asset-code.md|functionality|feature_scout|E6|I7|One-click fixes for Asset-Code Oracle violations
idea-7d150641-describe-a-boss-get-a-shippabl.md|functionality|moonshot_architect|E9|I9|Describe a boss, get a shippable UE5 enemy
idea-7df95d2a-director-mode-plain-language-g.md|user_benefit|moonshot_architect|E7|I9|Director Mode: Plain-Language Game Building
idea-7ee002af-enforce-a-minimum-readable-typ.md|ui|delight_designer|E4|I6|Enforce a minimum readable type scale in data panels
idea-7f56765a-in-browser-spatial-audio-audit.md|functionality|feature_scout|E7|I9|In-browser spatial audio audition (Web Audio API)
idea-7f745e3c-describe-your-hero-natural-lan.md|user_benefit|moonshot_architect|E6|I8|Describe-Your-Hero Natural-Language Genome Author
idea-81c6565b-in-browser-3d-montage-preview.md|functionality|moonshot_architect|E8|I8|In-browser 3D montage preview and live scrubber
idea-83d249cc-show-a-friendly-what-changed-c.md|ui|ui_perfectionist|E4|I7|Show a friendly "what changed" composition summary
idea-84abc79e-editable-faucet-sink-item-tabl.md|functionality|feature_scout|E5|I8|Editable faucet/sink/item tables in the UI
idea-84ef55d4-live-viewport-cockpit-clickabl.md|ui|moonshot_architect|E8|I7|Live viewport cockpit: clickable embedded Blender
idea-85295fa3-plain-language-audio-director.md|user_benefit|moonshot_architect|E6|I8|Plain-Language Audio Director for non-technical creators
idea-85775c03-project-style-dna-art-directio.md|functionality|moonshot_architect|E7|I8|Project Style DNA: art-direction consistency engine
idea-8603d0d6-predictive-fragility-radar-for.md|functionality|moonshot_architect|E6|I7|Predictive fragility radar: forecast regressions
idea-874fca7f-define-a-typography-and-contra.md|ui|ui_perfectionist|E5|I6|Define a typography and contrast token scale
idea-884b95bd-live-economy-digital-twin-via.md|functionality|moonshot_architect|E8|I8|Live economy digital twin via telemetry round-trip
idea-88943040-guided-blender-connection-setu.md|user_benefit|feature_scout|E4|I7|Guided Blender connection setup wizard
idea-88deed0f-make-adaptive-composition-scre.md|ui|ui_perfectionist|E6|I6|Make adaptive composition screen-reader accessible
idea-8a45533b-velocity-based-completion-fore.md|user_benefit|feature_scout|E5|I6|Velocity-based completion forecast
idea-8b02ff06-multiplayer-live-editor-figma.md|functionality|moonshot_architect|E9|I8|Multiplayer Live Editor: Figma for Unreal
idea-8bef0f10-localized-voice-subtitle-event.md|user_benefit|feature_scout|E6|I7|Localized voice & subtitle event tracks
idea-8d53b924-adaptive-feel-studio-that-spea.md|ui|moonshot_architect|E6|I8|Adaptive feel studio that speaks the user language
idea-8db7a7ed-agent-flight-recorder-replay-a.md|functionality|moonshot_architect|E7|I8|Agent Flight Recorder: Replay and Branch Any Run
idea-8ec1e105-ai-voice-dubbing-lip-sync-in-1.md|functionality|moonshot_architect|E9|I8|AI Voice Dubbing & Lip-Sync in 13 Languages
idea-8fe58af0-live-in-browser-procgen-previe.md|functionality|moonshot_architect|E8|I9|Live in-browser procgen preview engine
idea-925151c6-forecast-engine-when-will-my-g.md|functionality|moonshot_architect|E6|I8|Forecast engine: when will my game be playable?
idea-9315fe16-in-browser-ue5-accurate-live-l.md|ui|moonshot_architect|E7|I8|In-browser UE5-accurate live look preview
idea-96f178c3-asset-conflict-ue-version-comp.md|functionality|feature_scout|E5|I6|Asset conflict & UE-version compatibility guard
idea-96f25afc-global-build-plan-project-wide.md|functionality|feature_scout|E5|I8|Global Build Plan: project-wide Next-Best-Action queue
idea-99292419-plain-language-decoder-for-cry.md|user_benefit|feature_scout|E3|I6|Plain-language decoder for cryptic effect params
idea-9a559a37-in-browser-3d-walkthrough-of-g.md|ui|moonshot_architect|E6|I7|In-browser 3D walkthrough of generated levels
idea-9ad2c174-shareable-world-recipes-with-a.md|user_benefit|moonshot_architect|E5|I7|Shareable World Recipes with a remix catalog
idea-9c3f9b79-make-the-state-machine-graph-c.md|ui|ui_perfectionist|E6|I6|Make the state-machine graph canvas keyboard accessible
idea-9da1e2df-visual-builder-for-custom-work.md|functionality|feature_scout|E7|I6|Visual builder for custom workflow templates
idea-9e2adfbe-ai-assisted-blueprint-to-c-nod.md|functionality|feature_scout|E6|I8|AI-assisted Blueprint to C++ node transpilation
idea-9e354881-session-vs-session-build-diff.md|functionality|feature_scout|E6|I7|Session-vs-session build diff comparison
idea-9eebaf16-hot-patch-history-with-one-cli.md|functionality|feature_scout|E5|I7|Hot-patch history with one-click rollback
idea-a080133e-engine-agnostic-shell-open-uni.md|functionality|moonshot_architect|E9|I8|Engine-agnostic shell: open Unity and Godot projects
idea-a23c6e6d-auto-ingest-ue5-crashes-from-s.md|functionality|feature_scout|E7|I8|Auto-ingest UE5 crashes from Saved/Crashes folder
idea-a2af29d5-persist-advisor-chat-and-layou.md|user_benefit|feature_scout|E6|I7|Persist advisor chat and layout history across sessions
idea-a2c83d43-add-touch-friendly-dnd-and-tok.md|code_quality|ui_perfectionist|E5|I5|Add touch-friendly DnD and tokenize affix drag ghost
idea-a465ebf2-self-improving-task-engine-tha.md|functionality|moonshot_architect|E9|I9|Self-Improving Task Engine That Learns From Every Run
idea-a60f5663-seed-gallery-with-thumbnails-a.md|functionality|feature_scout|E5|I7|Seed gallery with thumbnails and favorites
idea-a615e7f7-live-co-tuning-bridge-to-a-run.md|functionality|moonshot_architect|E9|I8|Live co-tuning bridge to a running UE5 PIE session
idea-a65d0226-living-project-digital-twin-wi.md|ui|moonshot_architect|E8|I8|Living project digital twin with impact prediction
idea-a6be2c8d-combat-game-feel-simulator-and.md|user_benefit|moonshot_architect|E6|I7|Combat game-feel simulator and responsiveness score
idea-a72d2880-harden-tcp-framing-and-validat.md|code_quality|ui_perfectionist|E5|I6|Harden TCP framing and validate Blender responses
idea-a79bc1c5-plain-english-asset-finder-wit.md|user_benefit|moonshot_architect|E6|I8|Plain-English asset finder with verified wiring
idea-a89549dc-per-task-diff-review-with-one.md|functionality|feature_scout|E6|I7|Per-task diff review with one-click revert
idea-a920346d-constraint-validator-with-auto.md|functionality|feature_scout|E7|I8|Constraint validator with auto-suggest fix
idea-aa0619bd-phase-segmented-cook-progress.md|ui|ui_perfectionist|E5|I8|Phase-segmented cook progress with live ETA
idea-aa924c5d-seed-lock-4-variation-grid-for.md|functionality|feature_scout|E5|I8|Seed lock + 4-variation grid for style consistency
idea-ab134014-group-26-evaluator-tabs-into-a.md|ui|ui_perfectionist|E6|I7|Group 26 evaluator tabs into a command-palette nav
idea-acca239f-design-enemy-ai-by-conversatio.md|user_benefit|moonshot_architect|E8|I8|Design enemy AI by conversation, not C++
idea-accb9971-unify-chart-tooltips-into-one.md|ui|ui_perfectionist|E5|I6|Unify chart tooltips into one animated primitive
idea-ace62976-forge-to-engine-one-sentence-t.md|functionality|moonshot_architect|E8|I9|Forge-to-Engine: one sentence to UE-ready asset
idea-ad320c67-round-trip-c-to-genome-living.md|functionality|moonshot_architect|E8|I7|Round-Trip C++ to Genome Living Sync
idea-ad7b7ad4-diy-vs-asset-time-savings-as-h.md|ui|ui_perfectionist|E3|I9|DIY-vs-Asset time savings as hero comparison bar
idea-ae20a945-predictive-success-oracle-via.md|functionality|moonshot_architect|E6|I8|Predictive Success Oracle via semantic embeddings
idea-ae37291c-unify-card-primitives-and-colo.md|code_quality|ui_perfectionist|E5|I6|Unify card primitives and color-token usage across AI panels
idea-af5fbfe9-closed-loop-world-synthesis-to.md|functionality|moonshot_architect|E9|I9|Closed-loop world synthesis to live UE5 assets
idea-afb1819c-asset-genome-provenance-librar.md|functionality|moonshot_architect|E6|I8|Asset Genome: provenance library with reproduce/remix
idea-b0079280-remove-ts-nocheck-from-useadvi.md|code_quality|ui_perfectionist|E5|I6|Remove @ts-nocheck from useAdvisorVoice hook
idea-b09719f3-harmonize-evolution-pattern-li.md|ui|ui_perfectionist|E5|I7|Harmonize Evolution + Pattern Library design language
idea-b0ac2500-feel-marketplace-shareable-rem.md|functionality|moonshot_architect|E7|I7|Feel Marketplace: shareable, remixable feel-DNA codes
idea-b2668699-project-home-dashboard-as-the.md|user_benefit|feature_scout|E6|I7|Project Home dashboard as the default landing view
idea-b3279efb-group-debugdashboard-sections.md|ui|delight_designer|E4|I6|Group DebugDashboard sections under in-tab sub-nav
idea-b59a3d1d-make-combat-timelines-touch-ke.md|ui|ui_perfectionist|E5|I7|Make combat timelines touch + keyboard scrubbable
idea-b7927f28-critical-path-highlighting-and.md|functionality|feature_scout|E5|I6|Critical Path Highlighting and Fastest-Finish ETA
idea-b8b7648b-self-healing-findings-auto-fix.md|functionality|moonshot_architect|E7|I9|Self-healing findings: auto-fix then re-test loop
idea-b9507567-convert-autosave-toggles-to-re.md|ui|ui_perfectionist|E4|I7|Convert AutoSave toggles to real accessible Switch controls
idea-b9edeccf-amplitude-driven-voice-activit.md|ui|ui_perfectionist|E6|I6|Amplitude-driven voice activity indicator
idea-ba87b701-ai-director-squad-tactics-form.md|functionality|feature_scout|E7|I7|AI Director squad-tactics formation simulator
idea-bb068439-first-run-guided-tour-and-gett.md|user_benefit|feature_scout|E5|I7|First-run guided tour and getting-started checklist
idea-bba651f2-self-healing-error-immune-syst.md|functionality|moonshot_architect|E7|I9|Self-Healing Error Immune System
idea-bc908b9d-smooth-60fps-montage-scrubber.md|ui|ui_perfectionist|E5|I6|Smooth 60fps montage scrubber via requestAnimationFrame
idea-bd48e23d-animate-panel-layout-transitio.md|ui|ui_perfectionist|E6|I7|Animate panel layout transitions with FLIP
idea-bd54219e-quality-trend-chart-across-pla.md|functionality|feature_scout|E4|I6|Quality trend chart across playtest sessions
idea-bd6e00e8-promote-cook-toggle-to-accessi.md|code_quality|ui_perfectionist|E3|I6|Promote cook toggle to accessible Switch primitive
idea-c09e7172-command-palette-upgrade-for-gl.md|ui|ui_perfectionist|E5|I8|Command palette upgrade for GlobalSearchPanel
idea-c1310789-glossary-manager-with-term-con.md|user_benefit|feature_scout|E5|I6|Glossary manager with term consistency check
idea-c14d1685-smart-provider-routing-with-au.md|functionality|feature_scout|E6|I9|Smart provider routing with automatic failover
idea-c18a15f6-add-plain-language-labels-to-d.md|ui|delight_designer|E3|I7|Add plain-language labels to debug "hacker" headers
idea-c2d7c71c-describe-a-world-natural-langu.md|user_benefit|moonshot_architect|E8|I9|Describe-a-world: natural-language zone authoring
idea-c3d11f7b-autonomous-build-pilot-run-the.md|functionality|moonshot_architect|E8|I9|Autonomous Build Pilot: run the entire plan unattended
idea-c3d28b98-real-llm-mode-for-ai-combo-cho.md|functionality|feature_scout|E6|I8|Real LLM mode for AI Combo Choreographer
idea-c533d22d-semantic-codebase-twin-replaci.md|functionality|moonshot_architect|E9|I9|Semantic Codebase Twin Replacing Regex Archeology
idea-c59b4ae9-command-palette-cmd-k-for-inst.md|functionality|feature_scout|E5|I8|Command palette (Cmd-K) for instant intent dispatch
idea-c631714a-ai-decision-replay-scrub-real.md|functionality|moonshot_architect|E8|I8|AI Decision Replay: scrub real UE play sessions
idea-c7cff73a-value-vs-effort-prioritization.md|functionality|feature_scout|E# Value vs. Effort Prioritization Quadrant View|I7|Value vs. Effort Prioritization Quadrant View
idea-c7e1c641-shareable-look-codes-and-a-com.md|user_benefit|moonshot_architect|E8|I8|Shareable Look Codes and a community Look Marketplace
idea-c85f6462-build-my-stack-one-click-gap.md|functionality|feature_scout|E5|I7|"Build My Stack" one-click gap-coverage bundle
idea-c9ca41c5-staged-pipeline-progress-stepp.md|ui|ui_perfectionist|E5|I6|Staged pipeline progress stepper + skeleton loaders
idea-c9dd5463-visual-branching-dialogue-edit.md|functionality|feature_scout|E7|I8|Visual branching dialogue editor (Twine/Yarn style)
idea-ca9ea357-art-director-ai-one-prompt-dri.md|functionality|moonshot_architect|E8|I9|Art Director AI: one prompt drives the whole look
idea-cc0b91ba-make-the-ai-loot-designer-actu.md|functionality|moonshot_architect|E7|I9|Make the AI Loot Designer actually generative
idea-ce107528-persisted-custom-archetype-lib.md|functionality|feature_scout|E5|I8|Persisted custom archetype library with codegen
idea-ce263f68-persistent-scenario-library-wi.md|functionality|feature_scout|E5|I7|Persistent scenario library with A/B compare
idea-ce52eab4-text-to-playable-soundscape-on.md|functionality|moonshot_architect|E8|I9|Text-to-Playable-Soundscape: one sentence to scene
idea-ce5b130d-plain-english-roadmap-oracle-a.md|user_benefit|moonshot_architect|E7|I8|Plain-English Roadmap Oracle: ask when your game is done
idea-ce85ff81-unified-bridge-health-console.md|ui|ui_perfectionist|E4|I8|Unified Bridge Health console header strip
idea-cf5483ff-false-positive-suppression-for.md|functionality|feature_scout|E4|I6|False-positive suppression for findings & anti-patterns
idea-cf8923df-scheduled-nightly-builds-with.md|functionality|feature_scout|E5|I6|Scheduled nightly builds with a profile cron
idea-d098f8dc-encounter-difficulty-budget-au.md|functionality|feature_scout|E6|I7|Encounter difficulty budget & auto-balancer
idea-d13205a5-side-by-side-scenario-comparis.md|functionality|feature_scout|E5|I8|Side-by-side scenario comparison for sim runs
idea-d3b45c2e-de-jargon-topbar-trailing-clus.md|ui|ui_perfectionist|E3|I7|De-jargon TopBar trailing cluster
idea-d5e081f5-import-blueprints-directly-fro.md|functionality|feature_scout|E6|I7|Import Blueprints directly from the UE project
idea-d67fa562-what-if-time-machine-simulate.md|functionality|moonshot_architect|E6|I7|What-If Time Machine: simulate ship dates live
idea-d837be49-replace-bp-transpiler-textarea.md|ui|ui_perfectionist|E6|I8|Replace BP transpiler textareas with a code editor
idea-d876056b-unified-bridge-health-dashboar.md|user_benefit|feature_scout|E5|I7|Unified bridge health dashboard & setup wizard
idea-da8d4fef-visual-asset-picker-replaces-r.md|ui|ui_perfectionist|E6|I8|Visual asset picker replaces raw image-ID inputs
idea-da9fb25c-translation-memory-with-fuzzy.md|functionality|feature_scout|E6|I8|Translation Memory with fuzzy match reuse
idea-dafd6380-guided-plain-language-prompt-c.md|user_benefit|feature_scout|E6|I7|Guided plain-language prompt composer for non-tech users
idea-dbe71c3d-interactive-blueprint-graph-vi.md|ui|moonshot_architect|E7|I7|Interactive Blueprint Graph Visualizer with Code Map
idea-dbe94b74-add-focus-visible-rings-and-ar.md|code_quality|ui_perfectionist|E5|I7|Add focus-visible rings and ARIA to custom controls
idea-dc574695-inline-word-level-diff-in-the.md|ui|ui_perfectionist|E5|I7|Inline word-level diff in the Prompt Optimizer
idea-dcc3c4d1-live-thumbnail-preview-in-proc.md|ui|ui_perfectionist|E6|I9|Live thumbnail preview in Procedural Wizard
idea-def6a488-conversational-text-to-level-d.md|functionality|moonshot_architect|E7|I9|Conversational text-to-level director
idea-df8cc965-make-disclosure-cards-tabs-key.md|ui|ui_perfectionist|E4|I7|Make disclosure cards & tabs keyboard/ARIA accessible
idea-df95458e-a-b-baseline-comparison-for-pr.md|functionality|feature_scout|E5|I8|A/B baseline comparison for profiling sessions
idea-e0ed7c04-plain-language-build-coach-int.md|user_benefit|moonshot_architect|E7|I9|Plain-Language Build Coach: intent to prompt compiler
idea-e1a395e5-live-ue5-feel-sync-tune-in-bro.md|functionality|moonshot_architect|E8|I9|Live UE5 feel-sync: tune in browser, feel in PIE instantly
idea-e1d1b89b-milestone-bundles-spanning-mod.md|functionality|feature_scout|E6|I7|Milestone bundles spanning modules (Vertical Slice)
idea-e2b95e0c-in-browser-real-time-spatial-a.md|functionality|moonshot_architect|E7|I9|In-Browser Real-Time Spatial Audio Preview
idea-e44f3f18-validate-ai-panel-directives-b.md|code_quality|ui_perfectionist|E4|I7|Validate AI panel directives before composing
idea-e461579d-sync-log-filter-chips-rate-spa.md|ui|ui_perfectionist|E5|I7|Sync log filter chips + rate sparkline + virtualization
idea-e4e85439-replace-opaque-image-id-fields.md|ui|ui_perfectionist|E6|I7|Replace opaque image-ID fields with a visual asset picker
idea-e6266eac-autonomous-one-click-marketpla.md|functionality|moonshot_architect|E9|I9|Autonomous one-click marketplace asset integration
idea-e9255c2c-save-crafted-designs-to-a-vers.md|functionality|feature_scout|E5|I7|Save crafted designs to a versioned Design Library
idea-e9ec1022-one-click-ship-to-players-cook.md|functionality|moonshot_architect|E7|I8|One-Click Ship-to-Players: cook to playable link
idea-ed9269f6-live-editor-session-recorder-t.md|functionality|feature_scout|E6|I7|Live editor session recorder & time-travel replay
idea-ed9786ca-born-localized-code-generation.md|functionality|moonshot_architect|E7|I9|Born-Localized Code Generation Guardrail
idea-ee2fd596-procedural-seed-gallery-with-t.md|functionality|feature_scout|E5|I6|Procedural seed gallery with thumbnail variations
idea-eed3b9d2-auto-balancer-solve-for-a-targ.md|functionality|moonshot_architect|E7|I8|Auto-balancer: solve for a target difficulty curve
idea-ef237c77-build-swarm-parallel-multi-age.md|functionality|moonshot_architect|E9|I9|Build Swarm: Parallel Multi-Agent Task DAG Orchestrator
idea-f0797199-bidirectional-living-gdd-desig.md|functionality|moonshot_architect|E8|I9|Bidirectional Living GDD: Design-Code Digital Twin
idea-f0f6e2e3-self-healing-feature-matrix-ge.md|functionality|moonshot_architect|E9|I9|Self-Healing Feature Matrix: Generate + Hot-Patch
idea-f340c77b-one-click-fix-with-claude-from.md|functionality|feature_scout|E4|I7|One-click Fix-with-Claude from profiling findings
idea-f5568e89-self-evolving-prompt-genome-cl.md|functionality|moonshot_architect|E7|I9|Self-Evolving Prompt Genome: closed-loop autonomy
idea-f88f6bbf-conversational-loot-designer-d.md|functionality|feature_scout|E6|I7|Conversational loot designer (describe-it generation)
idea-f89b1886-plain-language-build-copilot-f.md|user_benefit|moonshot_architect|E6|I8|Plain-Language Build Copilot for non-engineers
idea-f8ddef05-collective-build-brain-nba-lea.md|functionality|moonshot_architect|E9|I9|Collective build brain: NBA learns from every project
idea-f8eef459-unify-pp-studio-sliders-on-the.md|ui|ui_perfectionist|E5|I6|Unify PP Studio sliders on the shared StyledSlider
idea-f9cd3333-guided-ship-it-build-wizard-in.md|user_benefit|feature_scout|E5|I7|Guided Ship-It build wizard in plain language
idea-fa91aad9-seed-vault-shareable-remixable.md|user_benefit|moonshot_architect|E7|I7|Seed Vault: shareable, remixable level codes
idea-fa9c6bcf-unify-combat-sliders-into-acce.md|ui|ui_perfectionist|E5|I7|Unify combat sliders into accessible RangeSlider
idea-faa8f6ca-visual-build-storyboard-for-no.md|user_benefit|moonshot_architect|E6|I7|Visual Build Storyboard for Non-Technical Stakeholders
idea-fbb7cf9d-talk-to-your-game-natural-lang.md|functionality|moonshot_architect|E8|I9|Talk-to-Your-Game: Natural-Language Live Director
idea-fd0c4e7b-collective-ue5-crash-genome-ne.md|functionality|moonshot_architect|E9|I9|Collective UE5 Crash Genome Network
idea-fdfbc8e2-add-screenshot-filmstrip-with.md|ui|ui_perfectionist|E5|I6|Add screenshot filmstrip with zoom for ViewportPreview
idea-fe9b39ab-wire-one-click-crash-fix-to-th.md|functionality|feature_scout|E6|I8|Wire one-click crash fix to the CLI terminal
idea-ff53b742-autopilot-self-driving-build-o.md|functionality|moonshot_architect|E9|I10|Autopilot: self-driving build over the dependency graph
idea-ff6ff0d2-one-click-concept-to-combat-lo.md|functionality|moonshot_architect|E7|I8|One-click concept-to-combat loot pipeline
idea-fff73bb0-live-crash-watchtower-and-regr.md|functionality|moonshot_architect|E6|I8|Live Crash Watchtower and Regression Radar
idea-gen-1779615650477-ctx_1779-ma.md|efinition**: What would make this THE solution, not A solution?||E### Effort, Impact, and Risk Ratings:|I- **Emotional Impact**: What would make users love, not just use, the product?|🌙 Claude Code Idea Generation: Moonshot
idea-gen-1779615650491-ctx_1779-ma.md|efinition**: What would make this THE solution, not A solution?||E### Effort, Impact, and Risk Ratings:|I- **Emotional Impact**: What would make users love, not just use, the product?|🌙 Claude Code Idea Generation: Moonshot
